tag,agl_m,rmse,delta_vs_base
baseline_bicubic,10,1.489598,0.487342
baseline_bicubic,30,1.197475,0.161129
baseline_bicubic,50,1.215095,0.172288
baseline_bicubic,70,1.242546,0.179126
baseline_bicubic,100,1.215013,0.178227
baseline_bicubic,150,1.154343,0.171304
baseline_bicubic,200,1.079134,0.162319
baseline_bicubic,300,0.945933,0.133514
baseline_bicubic,500,0.778008,0.060350
baseline_bicubic,700,0.710847,0.028568
baseline_bicubic,1000,0.672027,0.026131
r_t13_most,10,1.013737,0.011481
r_t13_most,30,1.041590,0.005244
r_t13_most,50,1.048600,0.005792
r_t13_most,70,1.067748,0.004328
r_t13_most,100,1.044034,0.007248
r_t13_most,150,0.996422,0.013383
r_t13_most,200,0.935092,0.018277
r_t13_most,300,0.829580,0.017162
r_t13_most,500,0.723970,0.006311
r_t13_most,700,0.680515,-0.001763
r_t13_most,1000,0.643408,-0.002489
r_t13_mostflux,10,1.241997,0.239741
r_t13_mostflux,30,1.291142,0.254797
r_t13_mostflux,50,1.305955,0.263148
r_t13_mostflux,70,1.332765,0.269345
r_t13_mostflux,100,1.303192,0.266406
r_t13_mostflux,150,1.265801,0.282762
r_t13_mostflux,200,1.213915,0.297100
r_t13_mostflux,300,0.986166,0.173747
r_t13_mostflux,500,0.812405,0.094747
r_t13_mostflux,700,0.754120,0.071842
r_t13_mostflux,1000,0.882852,0.236955
r_t13_theta,10,1.034412,0.032156
r_t13_theta,30,1.057082,0.020736
r_t13_theta,50,1.057199,0.014392
r_t13_theta,70,1.071611,0.008190
r_t13_theta,100,1.040205,0.003419
r_t13_theta,150,0.983769,0.000730
r_t13_theta,200,0.917164,0.000348
r_t13_theta,300,0.802601,-0.009818
r_t13_theta,500,0.718895,0.001236
r_t13_theta,700,0.669886,-0.012393
r_t13_theta,1000,0.660459,0.014563
r_t13_w,10,1.158427,0.156171
r_t13_w,30,1.187801,0.151455
r_t13_w,50,1.197280,0.154473
r_t13_w,70,1.218519,0.155099
r_t13_w,100,1.170823,0.134037
r_t13_w,150,1.089348,0.106310
r_t13_w,200,0.996732,0.079917
r_t13_w,300,0.874566,0.062147
r_t13_w,500,0.771429,0.053771
r_t13_w,700,0.725972,0.043693
r_t13_w,1000,0.711140,0.065244
t16_residual,10,1.002256,0.000000
t16_residual,30,1.036346,0.000000
t16_residual,50,1.042807,0.000000
t16_residual,70,1.063420,0.000000
t16_residual,100,1.036786,0.000000
t16_residual,150,0.983039,0.000000
t16_residual,200,0.916815,0.000000
t16_residual,300,0.812418,0.000000
t16_residual,500,0.717658,0.000000
t16_residual,700,0.682279,0.000000
t16_residual,1000,0.645896,0.000000
