tag,all,day,night,urban,rural,weak,mid,strong,pbl_low,pbl_ent,pbl_high
baseline_bicubic,1.161733,1.168656,1.152850,1.313315,1.135071,2.144979,1.442407,1.045274,1.238457,0.885252,0.771722
r_t12_hgtdiff,1.079830,1.123978,1.020814,1.196486,1.059570,1.873376,1.291432,0.993287,1.137962,0.877187,0.798988
r_t12_zagldiff,0.997790,1.057748,0.915720,1.108853,0.978466,1.475895,1.178644,0.933969,1.051495,0.819678,0.730793
r_t13_most,0.973071,1.027127,0.899499,1.077361,0.954968,1.509023,1.163059,0.903770,1.021463,0.810679,0.739211
r_t13_mostflux,1.206375,1.261343,1.132475,1.251392,1.198867,1.844831,1.351388,1.147595,1.283078,0.934603,0.818369
r_t13_ph,1.106598,1.149433,1.049487,1.160435,1.097560,1.712518,1.282459,1.039758,1.148147,1.011635,0.880899
r_t13_theta,0.972137,1.040769,0.876936,1.083172,0.952785,1.526036,1.172600,0.898853,1.022881,0.787966,0.735032
r_t13_w,1.084335,1.150490,0.993678,1.169780,1.069741,2.007371,1.332906,0.979629,1.146972,0.856644,0.782805
r_t14_cos,1.146424,1.206708,1.064674,1.240469,1.130331,1.872934,1.331402,1.071910,1.204660,0.975844,0.842394
r_t14_noenc_cos,0.960060,1.005873,0.898305,1.061200,0.942521,1.450117,1.129314,0.898773,1.012295,0.778928,0.706122
r_t15_z0,0.960658,1.012980,0.889540,1.065637,0.942413,1.372761,1.128676,0.902989,1.010959,0.789016,0.716533
r_t15_z0_urban,1.042211,1.075465,0.998235,1.128468,1.027445,1.724625,1.216496,0.971662,1.098487,0.849618,0.767144
r_t15_z0_urban_wv,1.044656,1.103380,0.964661,1.139042,1.028427,1.558774,1.221748,0.980848,1.099575,0.857624,0.777507
r_t17_coords,1.046128,1.103892,0.967541,1.145023,1.029085,1.523747,1.224517,0.983482,1.101455,0.845024,0.786901
t16_residual,0.963428,1.019442,0.886942,1.072978,0.944341,1.531600,1.158904,0.890896,1.012645,0.792430,0.728671
