tag,main_rmse_vec,delta,ci_lo,ci_hi,significant,n
r_t14_noenc_cos,0.960060,-0.003368,-0.012107,0.004779,0.000000,15396480.0
r_t15_z0,0.960658,-0.002770,-0.011007,0.005164,0.000000,15396480.0
t16_residual,0.963428,0.000000,0.000000,0.000000,0.000000,15396480.0
r_t13_theta,0.972137,0.008709,0.004254,0.013040,1.000000,15396480.0
r_t13_most,0.973071,0.009644,-0.023384,0.044003,0.000000,15396480.0
r_t12_zagldiff,0.997790,0.034363,0.020904,0.048415,1.000000,15396480.0
r_t15_z0_urban,1.042211,0.078784,0.061029,0.096580,1.000000,15396480.0
r_t15_z0_urban_wv,1.044656,0.081228,0.064751,0.100711,1.000000,15396480.0
r_t17_coords,1.046128,0.082701,0.073331,0.092216,1.000000,15396480.0
r_t12_hgtdiff,1.079830,0.116402,0.103908,0.127289,1.000000,15396480.0
r_t13_w,1.084335,0.120907,0.114196,0.128427,1.000000,15396480.0
r_t13_ph,1.106598,0.143171,0.129640,0.157855,1.000000,15396480.0
baseline_y0_regrid,1.116074,0.152647,0.093646,0.214704,1.000000,15396480.0
r_t14_cos,1.146424,0.182996,0.162475,0.210399,1.000000,15396480.0
baseline_bicubic,1.161733,0.198305,nan,nan,0.000000,15396480.0
r_t13_mostflux,1.206375,0.242947,0.212755,0.275429,1.000000,15396480.0
